appointment_id,patient_id,doctor_id,appointment_date,appointment_time,reason_for_visit,status,appointment_datetime,appointment_year,month_name,day,time_slot
A001,P034,D009,09-08-2023,15:15:00,Therapy,Scheduled,09-08-2023 15:15,2023,August,Wednesday,Afternoon (12 PM - 5 PM)
A002,P032,D004,09-06-2023,14:30:00,Therapy,No-show,09-06-2023 14:30,2023,June,Friday,Afternoon (12 PM - 5 PM)
A003,P048,D004,28-06-2023,08:00:00,Consultation,Cancelled,28-06-2023 08:00,2023,June,Wednesday,Morning (Before 12 PM)
A004,P025,D006,01-09-2023,09:15:00,Consultation,Cancelled,01-09-2023 09:15,2023,September,Friday,Morning (Before 12 PM)
A005,P040,D003,06-07-2023,12:45:00,Emergency,No-show,06-07-2023 12:45,2023,July,Thursday,Afternoon (12 PM - 5 PM)
A006,P045,D006,19-06-2023,16:15:00,Checkup,Scheduled,19-06-2023 16:15,2023,June,Monday,Afternoon (12 PM - 5 PM)
A007,P001,D007,09-04-2023,10:30:00,Consultation,Scheduled,09-04-2023 10:30,2023,April,Sunday,Morning (Before 12 PM)
A008,P016,D010,24-05-2023,08:45:00,Consultation,Cancelled,24-05-2023 08:45,2023,May,Wednesday,Morning (Before 12 PM)
A009,P039,D010,05-03-2023,13:45:00,Follow-up,Scheduled,05-03-2023 13:45,2023,March,Sunday,Afternoon (12 PM - 5 PM)
A010,P005,D003,13-01-2023,15:30:00,Therapy,Completed,13-01-2023 15:30,2023,January,Friday,Afternoon (12 PM - 5 PM)
A011,P022,D007,12-11-2023,16:00:00,Checkup,No-show,12-11-2023 16:00,2023,November,Sunday,Afternoon (12 PM - 5 PM)
A012,P029,D003,07-05-2023,10:00:00,Follow-up,Completed,07-05-2023 10:00,2023,May,Sunday,Morning (Before 12 PM)
A013,P003,D002,16-08-2023,12:00:00,Emergency,Scheduled,16-08-2023 12:00,2023,August,Wednesday,Afternoon (12 PM - 5 PM)
A014,P012,D010,25-05-2023,10:30:00,Emergency,Cancelled,25-05-2023 10:30,2023,May,Thursday,Morning (Before 12 PM)
A015,P026,D004,15-01-2023,17:15:00,Consultation,No-show,15-01-2023 17:15,2023,January,Sunday,Evening (5 PM+)
A016,P016,D008,30-06-2023,11:00:00,Consultation,Scheduled,30-06-2023 11:00,2023,June,Friday,Morning (Before 12 PM)
A017,P037,D009,11-07-2023,17:00:00,Emergency,Scheduled,11-07-2023 17:00,2023,July,Tuesday,Evening (5 PM+)
A018,P022,D007,14-11-2023,09:45:00,Consultation,Cancelled,14-11-2023 09:45,2023,November,Tuesday,Morning (Before 12 PM)
A019,P029,D001,06-02-2023,15:30:00,Checkup,Cancelled,06-02-2023 15:30,2023,February,Monday,Afternoon (12 PM - 5 PM)
A020,P014,D003,05-12-2023,15:15:00,Consultation,Completed,05-12-2023 15:15,2023,December,Tuesday,Afternoon (12 PM - 5 PM)
A021,P028,D009,24-04-2023,10:00:00,Therapy,No-show,24-04-2023 10:00,2023,April,Monday,Morning (Before 12 PM)
A022,P005,D001,14-11-2023,13:00:00,Consultation,No-show,14-11-2023 13:00,2023,November,Tuesday,Afternoon (12 PM - 5 PM)
A023,P047,D009,09-05-2023,14:30:00,Follow-up,Cancelled,09-05-2023 14:30,2023,May,Tuesday,Afternoon (12 PM - 5 PM)
A024,P049,D008,21-06-2023,08:00:00,Checkup,Completed,21-06-2023 08:00,2023,June,Wednesday,Morning (Before 12 PM)
A025,P030,D001,25-02-2023,08:00:00,Follow-up,No-show,25-02-2023 08:00,2023,February,Saturday,Morning (Before 12 PM)
A026,P046,D006,17-03-2023,14:15:00,Follow-up,Cancelled,17-03-2023 14:15,2023,March,Friday,Afternoon (12 PM - 5 PM)
A027,P005,D005,14-11-2023,12:45:00,Therapy,Scheduled,14-11-2023 12:45,2023,November,Tuesday,Afternoon (12 PM - 5 PM)
A028,P012,D006,29-10-2023,15:30:00,Checkup,No-show,29-10-2023 15:30,2023,October,Sunday,Afternoon (12 PM - 5 PM)
A029,P016,D010,25-06-2023,14:30:00,Checkup,Completed,25-06-2023 14:30,2023,June,Sunday,Afternoon (12 PM - 5 PM)
A030,P026,D005,29-08-2023,13:15:00,Checkup,Completed,29-08-2023 13:15,2023,August,Tuesday,Afternoon (12 PM - 5 PM)
A031,P026,D006,04-04-2023,10:30:00,Checkup,Completed,04-04-2023 10:30,2023,April,Tuesday,Morning (Before 12 PM)
A032,P048,D005,06-11-2023,10:45:00,Checkup,Scheduled,06-11-2023 10:45,2023,November,Monday,Morning (Before 12 PM)
A033,P021,D005,23-09-2023,17:45:00,Therapy,No-show,23-09-2023 17:45,2023,September,Saturday,Evening (5 PM+)
A034,P039,D004,13-06-2023,11:30:00,Consultation,No-show,13-06-2023 11:30,2023,June,Tuesday,Morning (Before 12 PM)
A035,P036,D003,18-04-2023,11:30:00,Follow-up,Scheduled,18-04-2023 11:30,2023,April,Tuesday,Morning (Before 12 PM)
A036,P033,D003,08-01-2023,14:30:00,Checkup,No-show,08-01-2023 14:30,2023,January,Sunday,Afternoon (12 PM - 5 PM)
A037,P030,D004,28-03-2023,11:00:00,Consultation,Scheduled,28-03-2023 11:00,2023,March,Tuesday,Morning (Before 12 PM)
A038,P037,D009,23-02-2023,13:00:00,Consultation,Scheduled,23-02-2023 13:00,2023,February,Thursday,Afternoon (12 PM - 5 PM)
A039,P023,D002,17-04-2023,08:00:00,Follow-up,Scheduled,17-04-2023 08:00,2023,April,Monday,Morning (Before 12 PM)
A040,P010,D009,27-03-2023,12:30:00,Therapy,Completed,27-03-2023 12:30,2023,March,Monday,Afternoon (12 PM - 5 PM)
A041,P005,D001,01-01-2023,14:00:00,Emergency,No-show,01-01-2023 14:00,2023,January,Sunday,Afternoon (12 PM - 5 PM)
A042,P036,D001,21-03-2023,11:15:00,Emergency,Scheduled,21-03-2023 11:15,2023,March,Tuesday,Morning (Before 12 PM)
A043,P034,D005,29-03-2023,09:15:00,Consultation,No-show,29-03-2023 09:15,2023,March,Wednesday,Morning (Before 12 PM)
A044,P031,D006,20-09-2023,12:30:00,Follow-up,Completed,20-09-2023 12:30,2023,September,Wednesday,Afternoon (12 PM - 5 PM)
A045,P010,D006,28-09-2023,17:00:00,Emergency,Scheduled,28-09-2023 17:00,2023,September,Thursday,Evening (5 PM+)
A046,P019,D003,20-12-2023,13:15:00,Consultation,Cancelled,20-12-2023 13:15,2023,December,Wednesday,Afternoon (12 PM - 5 PM)
A047,P032,D007,02-05-2023,11:00:00,Therapy,Completed,02-05-2023 11:00,2023,May,Tuesday,Morning (Before 12 PM)
A048,P001,D009,16-01-2023,15:45:00,Emergency,Cancelled,16-01-2023 15:45,2023,January,Monday,Afternoon (12 PM - 5 PM)
A049,P005,D010,30-04-2023,15:30:00,Consultation,No-show,30-04-2023 15:30,2023,April,Sunday,Afternoon (12 PM - 5 PM)
A050,P045,D008,16-08-2023,15:00:00,Consultation,No-show,16-08-2023 15:00,2023,August,Wednesday,Afternoon (12 PM - 5 PM)
A051,P004,D006,04-02-2023,11:45:00,Checkup,Completed,04-02-2023 11:45,2023,February,Saturday,Morning (Before 12 PM)
A052,P016,D008,12-07-2023,09:30:00,Therapy,No-show,12-07-2023 09:30,2023,July,Wednesday,Morning (Before 12 PM)
A053,P024,D005,12-02-2023,10:30:00,Checkup,Cancelled,12-02-2023 10:30,2023,February,Sunday,Morning (Before 12 PM)
A054,P016,D008,16-12-2023,11:45:00,Follow-up,Scheduled,16-12-2023 11:45,2023,December,Saturday,Morning (Before 12 PM)
A055,P002,D010,06-10-2023,17:30:00,Checkup,Scheduled,06-10-2023 17:30,2023,October,Friday,Evening (5 PM+)
A056,P049,D004,02-01-2023,12:45:00,Checkup,Scheduled,02-01-2023 12:45,2023,January,Monday,Afternoon (12 PM - 5 PM)
A057,P028,D010,15-04-2023,17:45:00,Emergency,Completed,15-04-2023 17:45,2023,April,Saturday,Evening (5 PM+)
A058,P032,D008,09-05-2023,13:15:00,Consultation,No-show,09-05-2023 13:15,2023,May,Tuesday,Afternoon (12 PM - 5 PM)
A059,P027,D010,09-03-2023,15:30:00,Therapy,Cancelled,09-03-2023 15:30,2023,March,Thursday,Afternoon (12 PM - 5 PM)
A060,P020,D002,22-11-2023,17:15:00,Checkup,No-show,22-11-2023 17:15,2023,November,Wednesday,Evening (5 PM+)
A061,P024,D005,15-01-2023,17:00:00,Therapy,No-show,15-01-2023 17:00,2023,January,Sunday,Evening (5 PM+)
A062,P012,D009,14-06-2023,15:15:00,Checkup,No-show,14-06-2023 15:15,2023,June,Wednesday,Afternoon (12 PM - 5 PM)
A063,P050,D004,29-06-2023,09:00:00,Follow-up,Scheduled,29-06-2023 09:00,2023,June,Thursday,Morning (Before 12 PM)
A064,P035,D006,31-05-2023,08:30:00,Checkup,Cancelled,31-05-2023 08:30,2023,May,Wednesday,Morning (Before 12 PM)
A065,P033,D001,24-04-2023,15:45:00,Emergency,Cancelled,24-04-2023 15:45,2023,April,Monday,Afternoon (12 PM - 5 PM)
A066,P033,D009,10-05-2023,11:45:00,Consultation,No-show,10-05-2023 11:45,2023,May,Wednesday,Morning (Before 12 PM)
A067,P043,D001,10-08-2023,11:00:00,Follow-up,Scheduled,10-08-2023 11:00,2023,August,Thursday,Morning (Before 12 PM)
A068,P037,D005,14-03-2023,15:00:00,Checkup,Scheduled,14-03-2023 15:00,2023,March,Tuesday,Afternoon (12 PM - 5 PM)
A069,P012,D004,29-03-2023,15:30:00,Therapy,Cancelled,29-03-2023 15:30,2023,March,Wednesday,Afternoon (12 PM - 5 PM)
A070,P003,D003,26-08-2023,17:00:00,Follow-up,Scheduled,26-08-2023 17:00,2023,August,Saturday,Evening (5 PM+)
A071,P001,D006,26-01-2023,17:00:00,Follow-up,Scheduled,26-01-2023 17:00,2023,January,Thursday,Evening (5 PM+)
A072,P033,D002,12-06-2023,13:30:00,Checkup,Scheduled,12-06-2023 13:30,2023,June,Monday,Afternoon (12 PM - 5 PM)
A073,P040,D003,24-12-2023,15:00:00,Follow-up,Completed,24-12-2023 15:00,2023,December,Sunday,Afternoon (12 PM - 5 PM)
A074,P010,D005,23-07-2023,13:30:00,Therapy,No-show,23-07-2023 13:30,2023,July,Sunday,Afternoon (12 PM - 5 PM)
A075,P043,D009,08-05-2023,14:00:00,Follow-up,Cancelled,08-05-2023 14:00,2023,May,Monday,Afternoon (12 PM - 5 PM)
A076,P044,D002,27-11-2023,12:00:00,Therapy,Cancelled,27-11-2023 12:00,2023,November,Monday,Afternoon (12 PM - 5 PM)
A077,P029,D010,14-12-2023,17:15:00,Checkup,Completed,14-12-2023 17:15,2023,December,Thursday,Evening (5 PM+)
A078,P013,D008,17-09-2023,11:15:00,Consultation,No-show,17-09-2023 11:15,2023,September,Sunday,Morning (Before 12 PM)
A079,P012,D002,26-12-2023,14:00:00,Follow-up,Cancelled,26-12-2023 14:00,2023,December,Tuesday,Afternoon (12 PM - 5 PM)
A080,P031,D005,26-06-2023,08:30:00,Consultation,Scheduled,26-06-2023 08:30,2023,June,Monday,Morning (Before 12 PM)
A081,P046,D007,06-01-2023,13:30:00,Therapy,Cancelled,06-01-2023 13:30,2023,January,Friday,Afternoon (12 PM - 5 PM)
A082,P002,D008,20-01-2023,10:45:00,Follow-up,Scheduled,20-01-2023 10:45,2023,January,Friday,Morning (Before 12 PM)
A083,P050,D001,07-11-2023,12:30:00,Emergency,Completed,07-11-2023 12:30,2023,November,Tuesday,Afternoon (12 PM - 5 PM)
A084,P035,D006,31-05-2023,16:00:00,Consultation,Scheduled,31-05-2023 16:00,2023,May,Wednesday,Afternoon (12 PM - 5 PM)
A085,P023,D001,18-02-2023,16:15:00,Follow-up,Cancelled,18-02-2023 16:15,2023,February,Saturday,Afternoon (12 PM - 5 PM)
A086,P017,D002,29-10-2023,11:00:00,Consultation,Cancelled,29-10-2023 11:00,2023,October,Sunday,Morning (Before 12 PM)
A087,P026,D001,19-10-2023,12:15:00,Follow-up,Cancelled,19-10-2023 12:15,2023,October,Thursday,Afternoon (12 PM - 5 PM)
A088,P008,D005,02-05-2023,16:30:00,Checkup,Completed,02-05-2023 16:30,2023,May,Tuesday,Afternoon (12 PM - 5 PM)
A089,P029,D010,14-02-2023,11:00:00,Consultation,Completed,14-02-2023 11:00,2023,February,Tuesday,Morning (Before 12 PM)
A090,P026,D009,01-06-2023,17:30:00,Emergency,No-show,01-06-2023 17:30,2023,June,Thursday,Evening (5 PM+)
A091,P010,D006,11-06-2023,13:15:00,Emergency,Cancelled,11-06-2023 13:15,2023,June,Sunday,Afternoon (12 PM - 5 PM)
A092,P026,D001,30-01-2023,14:15:00,Therapy,Scheduled,30-01-2023 14:15,2023,January,Monday,Afternoon (12 PM - 5 PM)
A093,P034,D001,09-04-2023,09:30:00,Follow-up,Completed,09-04-2023 09:30,2023,April,Sunday,Morning (Before 12 PM)
A094,P041,D002,08-04-2023,08:45:00,Consultation,Cancelled,08-04-2023 08:45,2023,April,Saturday,Morning (Before 12 PM)
A095,P007,D009,09-05-2023,10:15:00,Therapy,Cancelled,09-05-2023 10:15,2023,May,Tuesday,Morning (Before 12 PM)
A096,P004,D003,07-07-2023,15:00:00,Consultation,Completed,07-07-2023 15:00,2023,July,Friday,Afternoon (12 PM - 5 PM)
A097,P050,D001,06-05-2023,14:45:00,Follow-up,No-show,06-05-2023 14:45,2023,May,Saturday,Afternoon (12 PM - 5 PM)
A098,P045,D005,17-03-2023,13:00:00,Emergency,Completed,17-03-2023 13:00,2023,March,Friday,Afternoon (12 PM - 5 PM)
A099,P011,D007,04-07-2023,15:00:00,Checkup,Completed,04-07-2023 15:00,2023,July,Tuesday,Afternoon (12 PM - 5 PM)
A100,P029,D006,02-03-2023,08:00:00,Emergency,Scheduled,02-03-2023 08:00,2023,March,Thursday,Morning (Before 12 PM)
A101,P036,D001,21-09-2023,13:15:00,Therapy,Scheduled,21-09-2023 13:15,2023,September,Thursday,Afternoon (12 PM - 5 PM)
A102,P025,D005,25-10-2023,09:00:00,Checkup,No-show,25-10-2023 09:00,2023,October,Wednesday,Morning (Before 12 PM)
A103,P021,D005,24-01-2023,08:30:00,Therapy,Cancelled,24-01-2023 08:30,2023,January,Tuesday,Morning (Before 12 PM)
A104,P036,D006,18-04-2023,08:45:00,Follow-up,Completed,18-04-2023 08:45,2023,April,Tuesday,Morning (Before 12 PM)
A105,P010,D003,14-08-2023,16:00:00,Checkup,No-show,14-08-2023 16:00,2023,August,Monday,Afternoon (12 PM - 5 PM)
A106,P037,D005,29-10-2023,11:15:00,Therapy,Scheduled,29-10-2023 11:15,2023,October,Sunday,Morning (Before 12 PM)
A107,P009,D007,17-04-2023,13:45:00,Follow-up,Completed,17-04-2023 13:45,2023,April,Monday,Afternoon (12 PM - 5 PM)
A108,P024,D005,21-04-2023,15:00:00,Emergency,Cancelled,21-04-2023 15:00,2023,April,Friday,Afternoon (12 PM - 5 PM)
A109,P035,D005,29-07-2023,14:00:00,Follow-up,Scheduled,29-07-2023 14:00,2023,July,Saturday,Afternoon (12 PM - 5 PM)
A110,P049,D005,19-07-2023,14:30:00,Consultation,Scheduled,19-07-2023 14:30,2023,July,Wednesday,Afternoon (12 PM - 5 PM)
A111,P035,D010,22-05-2023,15:30:00,Follow-up,Scheduled,22-05-2023 15:30,2023,May,Monday,Afternoon (12 PM - 5 PM)
A112,P048,D010,11-01-2023,08:00:00,Follow-up,No-show,11-01-2023 08:00,2023,January,Wednesday,Morning (Before 12 PM)
A113,P036,D003,24-11-2023,15:30:00,Consultation,Cancelled,24-11-2023 15:30,2023,November,Friday,Afternoon (12 PM - 5 PM)
A114,P018,D001,08-08-2023,09:00:00,Therapy,Completed,08-08-2023 09:00,2023,August,Tuesday,Morning (Before 12 PM)
A115,P049,D005,25-10-2023,10:30:00,Therapy,No-show,25-10-2023 10:30,2023,October,Wednesday,Morning (Before 12 PM)
A116,P039,D009,07-07-2023,09:15:00,Follow-up,No-show,07-07-2023 09:15,2023,July,Friday,Morning (Before 12 PM)
A117,P032,D001,20-06-2023,13:45:00,Consultation,No-show,20-06-2023 13:45,2023,June,Tuesday,Afternoon (12 PM - 5 PM)
A118,P024,D003,09-08-2023,08:15:00,Consultation,Scheduled,09-08-2023 08:15,2023,August,Wednesday,Morning (Before 12 PM)
A119,P023,D004,18-12-2023,13:30:00,Emergency,Cancelled,18-12-2023 13:30,2023,December,Monday,Afternoon (12 PM - 5 PM)
A120,P032,D001,08-12-2023,11:00:00,Therapy,No-show,08-12-2023 11:00,2023,December,Friday,Morning (Before 12 PM)
A121,P037,D001,07-04-2023,15:00:00,Checkup,Completed,07-04-2023 15:00,2023,April,Friday,Afternoon (12 PM - 5 PM)
A122,P012,D008,11-07-2023,14:30:00,Therapy,Cancelled,11-07-2023 14:30,2023,July,Tuesday,Afternoon (12 PM - 5 PM)
A123,P049,D002,28-02-2023,10:45:00,Therapy,Completed,28-02-2023 10:45,2023,February,Tuesday,Morning (Before 12 PM)
A124,P013,D008,16-03-2023,17:15:00,Emergency,Cancelled,16-03-2023 17:15,2023,March,Thursday,Evening (5 PM+)
A125,P023,D007,18-02-2023,10:15:00,Checkup,Completed,18-02-2023 10:15,2023,February,Saturday,Morning (Before 12 PM)
A126,P025,D010,02-11-2023,09:45:00,Emergency,Scheduled,02-11-2023 09:45,2023,November,Thursday,Morning (Before 12 PM)
A127,P035,D010,13-11-2023,08:30:00,Checkup,No-show,13-11-2023 08:30,2023,November,Monday,Morning (Before 12 PM)
A128,P041,D002,15-04-2023,14:45:00,Follow-up,Completed,15-04-2023 14:45,2023,April,Saturday,Afternoon (12 PM - 5 PM)
A129,P030,D006,25-08-2023,09:30:00,Checkup,Cancelled,25-08-2023 09:30,2023,August,Friday,Morning (Before 12 PM)
A130,P017,D006,23-02-2023,15:00:00,Emergency,No-show,23-02-2023 15:00,2023,February,Thursday,Afternoon (12 PM - 5 PM)
A131,P049,D003,11-05-2023,16:30:00,Therapy,No-show,11-05-2023 16:30,2023,May,Thursday,Afternoon (12 PM - 5 PM)
A132,P020,D002,26-07-2023,10:45:00,Checkup,Cancelled,26-07-2023 10:45,2023,July,Wednesday,Morning (Before 12 PM)
A133,P048,D001,23-03-2023,14:30:00,Checkup,Completed,23-03-2023 14:30,2023,March,Thursday,Afternoon (12 PM - 5 PM)
A134,P025,D006,17-10-2023,15:15:00,Consultation,Scheduled,17-10-2023 15:15,2023,October,Tuesday,Afternoon (12 PM - 5 PM)
A135,P022,D005,09-09-2023,16:30:00,Therapy,Scheduled,09-09-2023 16:30,2023,September,Saturday,Afternoon (12 PM - 5 PM)
A136,P013,D009,13-05-2023,12:30:00,Follow-up,Completed,13-05-2023 12:30,2023,May,Saturday,Afternoon (12 PM - 5 PM)
A137,P019,D001,25-10-2023,10:00:00,Emergency,No-show,25-10-2023 10:00,2023,October,Wednesday,Morning (Before 12 PM)
A138,P049,D007,26-12-2023,15:15:00,Follow-up,No-show,26-12-2023 15:15,2023,December,Tuesday,Afternoon (12 PM - 5 PM)
A139,P036,D005,10-10-2023,10:45:00,Therapy,No-show,10-10-2023 10:45,2023,October,Tuesday,Morning (Before 12 PM)
A140,P012,D005,05-02-2023,15:15:00,Checkup,No-show,05-02-2023 15:15,2023,February,Sunday,Afternoon (12 PM - 5 PM)
A141,P041,D002,15-06-2023,15:15:00,Checkup,Completed,15-06-2023 15:15,2023,June,Thursday,Afternoon (12 PM - 5 PM)
A142,P019,D003,01-11-2023,11:45:00,Therapy,No-show,01-11-2023 11:45,2023,November,Wednesday,Morning (Before 12 PM)
A143,P012,D007,21-09-2023,12:15:00,Checkup,Cancelled,21-09-2023 12:15,2023,September,Thursday,Afternoon (12 PM - 5 PM)
A144,P009,D006,16-08-2023,12:15:00,Checkup,No-show,16-08-2023 12:15,2023,August,Wednesday,Afternoon (12 PM - 5 PM)
A145,P007,D002,11-11-2023,14:45:00,Checkup,Scheduled,11-11-2023 14:45,2023,November,Saturday,Afternoon (12 PM - 5 PM)
A146,P028,D006,05-01-2023,09:30:00,Emergency,No-show,05-01-2023 09:30,2023,January,Thursday,Morning (Before 12 PM)
A147,P014,D002,13-11-2023,17:30:00,Emergency,Completed,13-11-2023 17:30,2023,November,Monday,Evening (5 PM+)
A148,P031,D002,06-12-2023,08:30:00,Consultation,Scheduled,06-12-2023 08:30,2023,December,Wednesday,Morning (Before 12 PM)
A149,P019,D002,26-07-2023,12:30:00,Follow-up,Completed,26-07-2023 12:30,2023,July,Wednesday,Afternoon (12 PM - 5 PM)
A150,P047,D003,16-08-2023,10:45:00,Therapy,Completed,16-08-2023 10:45,2023,August,Wednesday,Morning (Before 12 PM)
A151,P016,D002,28-01-2023,09:15:00,Therapy,Scheduled,28-01-2023 09:15,2023,January,Saturday,Morning (Before 12 PM)
A152,P005,D004,14-04-2023,08:30:00,Therapy,Completed,14-04-2023 08:30,2023,April,Friday,Morning (Before 12 PM)
A153,P035,D009,08-07-2023,12:45:00,Consultation,Completed,08-07-2023 12:45,2023,July,Saturday,Afternoon (12 PM - 5 PM)
A154,P012,D006,06-03-2023,17:30:00,Emergency,No-show,06-03-2023 17:30,2023,March,Monday,Evening (5 PM+)
A155,P025,D001,03-01-2023,09:30:00,Consultation,Cancelled,03-01-2023 09:30,2023,January,Tuesday,Morning (Before 12 PM)
A156,P021,D008,22-11-2023,14:30:00,Therapy,Completed,22-11-2023 14:30,2023,November,Wednesday,Afternoon (12 PM - 5 PM)
A157,P036,D007,12-05-2023,11:00:00,Follow-up,Completed,12-05-2023 11:00,2023,May,Friday,Morning (Before 12 PM)
A158,P023,D010,12-07-2023,12:15:00,Checkup,Completed,12-07-2023 12:15,2023,July,Wednesday,Afternoon (12 PM - 5 PM)
A159,P016,D003,08-04-2023,16:15:00,Emergency,No-show,08-04-2023 16:15,2023,April,Saturday,Afternoon (12 PM - 5 PM)
A160,P039,D001,17-12-2023,12:45:00,Emergency,Cancelled,17-12-2023 12:45,2023,December,Sunday,Afternoon (12 PM - 5 PM)
A161,P045,D005,17-06-2023,10:45:00,Consultation,Scheduled,17-06-2023 10:45,2023,June,Saturday,Morning (Before 12 PM)
A162,P042,D004,01-01-2023,17:15:00,Emergency,No-show,01-01-2023 17:15,2023,January,Sunday,Evening (5 PM+)
A163,P039,D010,27-06-2023,15:00:00,Therapy,No-show,27-06-2023 15:00,2023,June,Tuesday,Afternoon (12 PM - 5 PM)
A164,P014,D008,28-07-2023,17:15:00,Therapy,Cancelled,28-07-2023 17:15,2023,July,Friday,Evening (5 PM+)
A165,P031,D001,04-04-2023,15:30:00,Consultation,Cancelled,04-04-2023 15:30,2023,April,Tuesday,Afternoon (12 PM - 5 PM)
A166,P005,D010,12-01-2023,14:45:00,Therapy,No-show,12-01-2023 14:45,2023,January,Thursday,Afternoon (12 PM - 5 PM)
A167,P035,D001,15-11-2023,08:15:00,Follow-up,Scheduled,15-11-2023 08:15,2023,November,Wednesday,Morning (Before 12 PM)
A168,P023,D004,29-09-2023,10:00:00,Consultation,No-show,29-09-2023 10:00,2023,September,Friday,Morning (Before 12 PM)
A169,P029,D008,24-07-2023,16:45:00,Follow-up,Cancelled,24-07-2023 16:45,2023,July,Monday,Afternoon (12 PM - 5 PM)
A170,P043,D005,03-03-2023,09:00:00,Checkup,Scheduled,03-03-2023 09:00,2023,March,Friday,Morning (Before 12 PM)
A171,P011,D002,18-04-2023,16:30:00,Follow-up,Cancelled,18-04-2023 16:30,2023,April,Tuesday,Afternoon (12 PM - 5 PM)
A172,P018,D006,09-03-2023,16:15:00,Checkup,Scheduled,09-03-2023 16:15,2023,March,Thursday,Afternoon (12 PM - 5 PM)
A173,P047,D005,04-06-2023,13:30:00,Checkup,Completed,04-06-2023 13:30,2023,June,Sunday,Afternoon (12 PM - 5 PM)
A174,P012,D002,31-10-2023,11:15:00,Follow-up,Cancelled,31-10-2023 11:15,2023,October,Tuesday,Morning (Before 12 PM)
A175,P009,D003,22-10-2023,17:00:00,Consultation,Cancelled,22-10-2023 17:00,2023,October,Sunday,Evening (5 PM+)
A176,P010,D009,26-04-2023,09:30:00,Therapy,No-show,26-04-2023 09:30,2023,April,Wednesday,Morning (Before 12 PM)
A177,P044,D007,16-08-2023,12:30:00,Therapy,Cancelled,16-08-2023 12:30,2023,August,Wednesday,Afternoon (12 PM - 5 PM)
A178,P017,D007,17-01-2023,13:15:00,Checkup,Cancelled,17-01-2023 13:15,2023,January,Tuesday,Afternoon (12 PM - 5 PM)
A179,P038,D006,08-03-2023,12:15:00,Checkup,Completed,08-03-2023 12:15,2023,March,Wednesday,Afternoon (12 PM - 5 PM)
A180,P007,D008,07-01-2023,11:00:00,Consultation,Cancelled,07-01-2023 11:00,2023,January,Saturday,Morning (Before 12 PM)
A181,P046,D004,03-09-2023,13:15:00,Emergency,Completed,03-09-2023 13:15,2023,September,Sunday,Afternoon (12 PM - 5 PM)
A182,P013,D008,12-04-2023,08:00:00,Follow-up,Completed,12-04-2023 08:00,2023,April,Wednesday,Morning (Before 12 PM)
A183,P040,D004,03-02-2023,16:15:00,Checkup,Completed,03-02-2023 16:15,2023,February,Friday,Afternoon (12 PM - 5 PM)
A184,P042,D008,26-02-2023,17:45:00,Therapy,Completed,26-02-2023 17:45,2023,February,Sunday,Evening (5 PM+)
A185,P009,D009,21-03-2023,14:00:00,Consultation,Scheduled,21-03-2023 14:00,2023,March,Tuesday,Afternoon (12 PM - 5 PM)
A186,P050,D003,27-03-2023,17:15:00,Follow-up,No-show,27-03-2023 17:15,2023,March,Monday,Evening (5 PM+)
A187,P027,D003,13-02-2023,12:30:00,Consultation,Scheduled,13-02-2023 12:30,2023,February,Monday,Afternoon (12 PM - 5 PM)
A188,P002,D002,12-04-2023,16:30:00,Follow-up,Cancelled,12-04-2023 16:30,2023,April,Wednesday,Afternoon (12 PM - 5 PM)
A189,P005,D010,05-10-2023,13:30:00,Follow-up,Scheduled,05-10-2023 13:30,2023,October,Thursday,Afternoon (12 PM - 5 PM)
A190,P029,D003,16-11-2023,15:15:00,Checkup,Scheduled,16-11-2023 15:15,2023,November,Thursday,Afternoon (12 PM - 5 PM)
A191,P037,D003,12-04-2023,16:00:00,Consultation,Cancelled,12-04-2023 16:00,2023,April,Wednesday,Afternoon (12 PM - 5 PM)
A192,P038,D005,31-08-2023,14:15:00,Consultation,Cancelled,31-08-2023 14:15,2023,August,Thursday,Afternoon (12 PM - 5 PM)
A193,P019,D005,15-09-2023,08:15:00,Therapy,Cancelled,15-09-2023 08:15,2023,September,Friday,Morning (Before 12 PM)
A194,P008,D002,06-04-2023,12:45:00,Therapy,Scheduled,06-04-2023 12:45,2023,April,Thursday,Afternoon (12 PM - 5 PM)
A195,P048,D010,19-08-2023,17:15:00,Checkup,Scheduled,19-08-2023 17:15,2023,August,Saturday,Evening (5 PM+)
A196,P045,D006,26-10-2023,09:45:00,Checkup,Cancelled,26-10-2023 09:45,2023,October,Thursday,Morning (Before 12 PM)
A197,P001,D005,01-04-2023,13:30:00,Emergency,No-show,01-04-2023 13:30,2023,April,Saturday,Afternoon (12 PM - 5 PM)
A198,P022,D006,15-05-2023,08:30:00,Therapy,No-show,15-05-2023 08:30,2023,May,Monday,Morning (Before 12 PM)
A199,P017,D001,01-05-2023,12:45:00,Follow-up,Completed,01-05-2023 12:45,2023,May,Monday,Afternoon (12 PM - 5 PM)
A200,P007,D005,30-12-2023,10:15:00,Consultation,Cancelled,30-12-2023 10:15,2023,December,Saturday,Morning (Before 12 PM)
