bill_id,patient_id,treatment_id,bill_date,amount,payment_method,payment_status,bill_year,bill_month,month_name,quarter,is_paid,is_pending,is_failed
B001,P034,T001,09-08-2023,3941.97,Insurance,Pending,2023,8,August,Q3,0,1,0
B002,P032,T002,09-06-2023,4158.44,Insurance,Paid,2023,6,June,Q2,1,0,0
B003,P048,T003,28-06-2023,3731.55,Insurance,Paid,2023,6,June,Q2,1,0,0
B004,P025,T004,01-09-2023,4799.86,Insurance,Failed,2023,9,September,Q3,0,0,1
B005,P040,T005,06-07-2023,582.05,Credit Card,Pending,2023,7,July,Q3,0,1,0
B006,P045,T006,19-06-2023,1381,Insurance,Pending,2023,6,June,Q2,0,1,0
B007,P001,T007,09-04-2023,534.03,Cash,Failed,2023,4,April,Q2,0,0,1
B008,P016,T008,24-05-2023,3413.64,Cash,Failed,2023,5,May,Q2,0,0,1
B009,P039,T009,05-03-2023,4541.14,Credit Card,Paid,2023,3,March,Q1,1,0,0
B010,P005,T010,13-01-2023,1595.67,Cash,Paid,2023,1,January,Q1,1,0,0
B011,P022,T011,12-11-2023,4671.66,Cash,Failed,2023,11,November,Q4,0,0,1
B012,P029,T012,07-05-2023,771.2,Insurance,Pending,2023,5,May,Q2,0,1,0
B013,P003,T013,16-08-2023,4704.96,Cash,Paid,2023,8,August,Q3,1,0,0
B014,P012,T014,25-05-2023,2082.3,Credit Card,Paid,2023,5,May,Q2,1,0,0
B015,P026,T015,15-01-2023,956.39,Insurance,Pending,2023,1,January,Q1,0,1,0
B016,P016,T016,30-06-2023,2686.42,Insurance,Paid,2023,6,June,Q2,1,0,0
B017,P037,T017,11-07-2023,1655.49,Credit Card,Pending,2023,7,July,Q3,0,1,0
B018,P022,T018,14-11-2023,1781.93,Insurance,Pending,2023,11,November,Q4,0,1,0
B019,P029,T019,06-02-2023,1882.8,Insurance,Pending,2023,2,February,Q1,0,1,0
B020,P014,T020,05-12-2023,4113.62,Credit Card,Failed,2023,12,December,Q4,0,0,1
B021,P028,T021,24-04-2023,2926.23,Insurance,Failed,2023,4,April,Q2,0,0,1
B022,P005,T022,14-11-2023,1900.88,Credit Card,Failed,2023,11,November,Q4,0,0,1
B023,P047,T023,09-05-2023,3246.5,Credit Card,Pending,2023,5,May,Q2,0,1,0
B024,P049,T024,21-06-2023,3722.68,Cash,Pending,2023,6,June,Q2,0,1,0
B025,P030,T025,25-02-2023,1726.81,Cash,Failed,2023,2,February,Q1,0,0,1
B026,P046,T026,17-03-2023,2360.97,Insurance,Paid,2023,3,March,Q1,1,0,0
B027,P005,T027,14-11-2023,1048.49,Insurance,Pending,2023,11,November,Q4,0,1,0
B028,P012,T028,29-10-2023,1315.17,Credit Card,Paid,2023,10,October,Q4,1,0,0
B029,P016,T029,25-06-2023,3565.03,Insurance,Paid,2023,6,June,Q2,1,0,0
B030,P026,T030,29-08-2023,1316.47,Credit Card,Pending,2023,8,August,Q3,0,1,0
B031,P026,T031,04-04-2023,2863.24,Credit Card,Pending,2023,4,April,Q2,0,1,0
B032,P048,T032,06-11-2023,3690.71,Insurance,Paid,2023,11,November,Q4,1,0,0
B033,P021,T033,23-09-2023,980.95,Credit Card,Paid,2023,9,September,Q3,1,0,0
B034,P039,T034,13-06-2023,3052.9,Cash,Failed,2023,6,June,Q2,0,0,1
B035,P036,T035,18-04-2023,1654.53,Insurance,Failed,2023,4,April,Q2,0,0,1
B036,P033,T036,08-01-2023,4833.17,Cash,Pending,2023,1,January,Q1,0,1,0
B037,P030,T037,28-03-2023,2675.96,Insurance,Failed,2023,3,March,Q1,0,0,1
B038,P037,T038,23-02-2023,4126.97,Credit Card,Failed,2023,2,February,Q1,0,0,1
B039,P023,T039,17-04-2023,2976.02,Insurance,Failed,2023,4,April,Q2,0,0,1
B040,P010,T040,27-03-2023,695.36,Cash,Failed,2023,3,March,Q1,0,0,1
B041,P005,T041,01-01-2023,3349.18,Credit Card,Paid,2023,1,January,Q1,1,0,0
B042,P036,T042,21-03-2023,4781.32,Insurance,Pending,2023,3,March,Q1,0,1,0
B043,P034,T043,29-03-2023,3207.25,Insurance,Failed,2023,3,March,Q1,0,0,1
B044,P031,T044,20-09-2023,4186.35,Insurance,Paid,2023,9,September,Q3,1,0,0
B045,P010,T045,28-09-2023,4478.93,Cash,Paid,2023,9,September,Q3,1,0,0
B046,P019,T046,20-12-2023,1526.36,Cash,Paid,2023,12,December,Q4,1,0,0
B047,P032,T047,02-05-2023,1454.2,Insurance,Failed,2023,5,May,Q2,0,0,1
B048,P001,T048,16-01-2023,3249.41,Credit Card,Failed,2023,1,January,Q1,0,0,1
B049,P005,T049,30-04-2023,2349.63,Credit Card,Pending,2023,4,April,Q2,0,1,0
B050,P045,T050,16-08-2023,4279.38,Cash,Failed,2023,8,August,Q3,0,0,1
B051,P004,T051,04-02-2023,4550.1,Credit Card,Failed,2023,2,February,Q1,0,0,1
B052,P016,T052,12-07-2023,2090.4,Cash,Paid,2023,7,July,Q3,1,0,0
B053,P024,T053,12-02-2023,1565.92,Insurance,Pending,2023,2,February,Q1,0,1,0
B054,P016,T054,16-12-2023,4012.36,Cash,Failed,2023,12,December,Q4,0,0,1
B055,P002,T055,06-10-2023,1736.63,Cash,Failed,2023,10,October,Q4,0,0,1
B056,P049,T056,02-01-2023,4201.76,Insurance,Paid,2023,1,January,Q1,1,0,0
B057,P028,T057,15-04-2023,2406.82,Credit Card,Paid,2023,4,April,Q2,1,0,0
B058,P032,T058,09-05-2023,3503.97,Cash,Failed,2023,5,May,Q2,0,0,1
B059,P027,T059,09-03-2023,929.91,Cash,Pending,2023,3,March,Q1,0,1,0
B060,P020,T060,22-11-2023,3307.37,Insurance,Pending,2023,11,November,Q4,0,1,0
B061,P024,T061,15-01-2023,2532.95,Credit Card,Paid,2023,1,January,Q1,1,0,0
B062,P012,T062,14-06-2023,3139.74,Cash,Paid,2023,6,June,Q2,1,0,0
B063,P050,T063,29-06-2023,1256.06,Insurance,Failed,2023,6,June,Q2,0,0,1
B064,P035,T064,31-05-2023,3815.93,Cash,Paid,2023,5,May,Q2,1,0,0
B065,P033,T065,24-04-2023,4382.59,Insurance,Failed,2023,4,April,Q2,0,0,1
B066,P033,T066,10-05-2023,1475.33,Credit Card,Pending,2023,5,May,Q2,0,1,0
B067,P043,T067,10-08-2023,930.72,Credit Card,Pending,2023,8,August,Q3,0,1,0
B068,P037,T068,14-03-2023,606.37,Credit Card,Failed,2023,3,March,Q1,0,0,1
B069,P012,T069,29-03-2023,3388.87,Credit Card,Paid,2023,3,March,Q1,1,0,0
B070,P003,T070,26-08-2023,3231.92,Cash,Pending,2023,8,August,Q3,0,1,0
B071,P001,T071,26-01-2023,2960.14,Cash,Paid,2023,1,January,Q1,1,0,0
B072,P033,T072,12-06-2023,1543.76,Credit Card,Pending,2023,6,June,Q2,0,1,0
B073,P040,T073,24-12-2023,2259.08,Credit Card,Failed,2023,12,December,Q4,0,0,1
B074,P010,T074,23-07-2023,3175.14,Credit Card,Failed,2023,7,July,Q3,0,0,1
B075,P043,T075,08-05-2023,2735.45,Cash,Failed,2023,5,May,Q2,0,0,1
B076,P044,T076,27-11-2023,4945.03,Credit Card,Pending,2023,11,November,Q4,0,1,0
B077,P029,T077,14-12-2023,1113.98,Credit Card,Paid,2023,12,December,Q4,1,0,0
B078,P013,T078,17-09-2023,3628.15,Credit Card,Paid,2023,9,September,Q3,1,0,0
B079,P012,T079,26-12-2023,2319.43,Insurance,Paid,2023,12,December,Q4,1,0,0
B080,P031,T080,26-06-2023,2426.9,Credit Card,Pending,2023,6,June,Q2,0,1,0
B081,P046,T081,06-01-2023,3729.19,Insurance,Pending,2023,1,January,Q1,0,1,0
B082,P002,T082,20-01-2023,3615.96,Insurance,Pending,2023,1,January,Q1,0,1,0
B083,P050,T083,07-11-2023,4960.65,Credit Card,Pending,2023,11,November,Q4,0,1,0
B084,P035,T084,31-05-2023,1077.77,Insurance,Pending,2023,5,May,Q2,0,1,0
B085,P023,T085,18-02-2023,968.49,Credit Card,Paid,2023,2,February,Q1,1,0,0
B086,P017,T086,29-10-2023,3759.52,Cash,Pending,2023,10,October,Q4,0,1,0
B087,P026,T087,19-10-2023,3102.74,Cash,Pending,2023,10,October,Q4,0,1,0
B088,P008,T088,02-05-2023,1733.72,Cash,Paid,2023,5,May,Q2,1,0,0
B089,P029,T089,14-02-2023,857.39,Cash,Pending,2023,2,February,Q1,0,1,0
B090,P026,T090,01-06-2023,885.46,Insurance,Paid,2023,6,June,Q2,1,0,0
B091,P010,T091,11-06-2023,4523.86,Credit Card,Paid,2023,6,June,Q2,1,0,0
B092,P026,T092,30-01-2023,1363.4,Credit Card,Failed,2023,1,January,Q1,0,0,1
B093,P034,T093,09-04-2023,1955.17,Credit Card,Failed,2023,4,April,Q2,0,0,1
B094,P041,T094,08-04-2023,1519.95,Cash,Failed,2023,4,April,Q2,0,0,1
B095,P007,T095,09-05-2023,2097.48,Cash,Failed,2023,5,May,Q2,0,0,1
B096,P004,T096,07-07-2023,812.41,Credit Card,Pending,2023,7,July,Q3,0,1,0
B097,P050,T097,06-05-2023,2835.77,Cash,Failed,2023,5,May,Q2,0,0,1
B098,P045,T098,17-03-2023,804.26,Credit Card,Paid,2023,3,March,Q1,1,0,0
B099,P011,T099,04-07-2023,4101.6,Credit Card,Pending,2023,7,July,Q3,0,1,0
B100,P029,T100,02-03-2023,1551.7,Credit Card,Failed,2023,3,March,Q1,0,0,1
B101,P036,T101,21-09-2023,2930.05,Credit Card,Paid,2023,9,September,Q3,1,0,0
B102,P025,T102,25-10-2023,4460.36,Credit Card,Pending,2023,10,October,Q4,0,1,0
B103,P021,T103,24-01-2023,3428.95,Credit Card,Pending,2023,1,January,Q1,0,1,0
B104,P036,T104,18-04-2023,2898.31,Credit Card,Failed,2023,4,April,Q2,0,0,1
B105,P010,T105,14-08-2023,1959.5,Cash,Pending,2023,8,August,Q3,0,1,0
B106,P037,T106,29-10-2023,1998.51,Credit Card,Paid,2023,10,October,Q4,1,0,0
B107,P009,T107,17-04-2023,3512.69,Credit Card,Pending,2023,4,April,Q2,0,1,0
B108,P024,T108,21-04-2023,4973.63,Cash,Paid,2023,4,April,Q2,1,0,0
B109,P035,T109,29-07-2023,3478.28,Cash,Pending,2023,7,July,Q3,0,1,0
B110,P049,T110,19-07-2023,3010.03,Cash,Failed,2023,7,July,Q3,0,0,1
B111,P035,T111,22-05-2023,3787.93,Credit Card,Paid,2023,5,May,Q2,1,0,0
B112,P048,T112,11-01-2023,2593.43,Insurance,Pending,2023,1,January,Q1,0,1,0
B113,P036,T113,24-11-2023,770.64,Insurance,Pending,2023,11,November,Q4,0,1,0
B114,P018,T114,08-08-2023,3030.34,Cash,Pending,2023,8,August,Q3,0,1,0
B115,P049,T115,25-10-2023,4809.31,Insurance,Paid,2023,10,October,Q4,1,0,0
B116,P039,T116,07-07-2023,1288.86,Cash,Paid,2023,7,July,Q3,1,0,0
B117,P032,T117,20-06-2023,3605.02,Credit Card,Paid,2023,6,June,Q2,1,0,0
B118,P024,T118,09-08-2023,1404.2,Insurance,Failed,2023,8,August,Q3,0,0,1
B119,P023,T119,18-12-2023,2911.22,Credit Card,Failed,2023,12,December,Q4,0,0,1
B120,P032,T120,08-12-2023,935.04,Insurance,Paid,2023,12,December,Q4,1,0,0
B121,P037,T121,07-04-2023,2526.67,Credit Card,Pending,2023,4,April,Q2,0,1,0
B122,P012,T122,11-07-2023,3902.73,Insurance,Failed,2023,7,July,Q3,0,0,1
B123,P049,T123,28-02-2023,2064.07,Credit Card,Paid,2023,2,February,Q1,1,0,0
B124,P013,T124,16-03-2023,3492.1,Credit Card,Pending,2023,3,March,Q1,0,1,0
B125,P023,T125,18-02-2023,4079.52,Insurance,Failed,2023,2,February,Q1,0,0,1
B126,P025,T126,02-11-2023,4672.3,Credit Card,Pending,2023,11,November,Q4,0,1,0
B127,P035,T127,13-11-2023,1555.89,Credit Card,Pending,2023,11,November,Q4,0,1,0
B128,P041,T128,15-04-2023,2296.92,Credit Card,Pending,2023,4,April,Q2,0,1,0
B129,P030,T129,25-08-2023,1185.87,Insurance,Pending,2023,8,August,Q3,0,1,0
B130,P017,T130,23-02-2023,4966.18,Insurance,Failed,2023,2,February,Q1,0,0,1
B131,P049,T131,11-05-2023,4671.5,Credit Card,Failed,2023,5,May,Q2,0,0,1
B132,P020,T132,26-07-2023,2929.81,Credit Card,Failed,2023,7,July,Q3,0,0,1
B133,P048,T133,23-03-2023,4289.15,Insurance,Paid,2023,3,March,Q1,1,0,0
B134,P025,T134,17-10-2023,2844.31,Insurance,Failed,2023,10,October,Q4,0,0,1
B135,P022,T135,09-09-2023,3306.14,Credit Card,Pending,2023,9,September,Q3,0,1,0
B136,P013,T136,13-05-2023,901.06,Credit Card,Failed,2023,5,May,Q2,0,0,1
B137,P019,T137,25-10-2023,3898.72,Credit Card,Pending,2023,10,October,Q4,0,1,0
B138,P049,T138,26-12-2023,1074.71,Cash,Paid,2023,12,December,Q4,1,0,0
B139,P036,T139,10-10-2023,4217.3,Insurance,Pending,2023,10,October,Q4,0,1,0
B140,P012,T140,05-02-2023,4019.13,Cash,Pending,2023,2,February,Q1,0,1,0
B141,P041,T141,15-06-2023,3689.35,Insurance,Pending,2023,6,June,Q2,0,1,0
B142,P019,T142,01-11-2023,662.72,Insurance,Paid,2023,11,November,Q4,1,0,0
B143,P012,T143,21-09-2023,1864.08,Insurance,Failed,2023,9,September,Q3,0,0,1
B144,P009,T144,16-08-2023,1684.01,Insurance,Failed,2023,8,August,Q3,0,0,1
B145,P007,T145,11-11-2023,2120.61,Insurance,Paid,2023,11,November,Q4,1,0,0
B146,P028,T146,05-01-2023,894.39,Insurance,Pending,2023,1,January,Q1,0,1,0
B147,P014,T147,13-11-2023,4716.31,Insurance,Failed,2023,11,November,Q4,0,0,1
B148,P031,T148,06-12-2023,2992.11,Cash,Paid,2023,12,December,Q4,1,0,0
B149,P019,T149,26-07-2023,1874.86,Credit Card,Failed,2023,7,July,Q3,0,0,1
B150,P047,T150,16-08-2023,2286.42,Credit Card,Paid,2023,8,August,Q3,1,0,0
B151,P016,T151,28-01-2023,2512.41,Cash,Pending,2023,1,January,Q1,0,1,0
B152,P005,T152,14-04-2023,3202.67,Cash,Failed,2023,4,April,Q2,0,0,1
B153,P035,T153,08-07-2023,2820.56,Cash,Paid,2023,7,July,Q3,1,0,0
B154,P012,T154,06-03-2023,4637.26,Cash,Failed,2023,3,March,Q1,0,0,1
B155,P025,T155,03-01-2023,2736.34,Insurance,Failed,2023,1,January,Q1,0,0,1
B156,P021,T156,22-11-2023,4964.71,Credit Card,Failed,2023,11,November,Q4,0,0,1
B157,P036,T157,12-05-2023,4331.41,Insurance,Failed,2023,5,May,Q2,0,0,1
B158,P023,T158,12-07-2023,1438.3,Credit Card,Paid,2023,7,July,Q3,1,0,0
B159,P016,T159,08-04-2023,4687.68,Credit Card,Pending,2023,4,April,Q2,0,1,0
B160,P039,T160,17-12-2023,1023.65,Cash,Paid,2023,12,December,Q4,1,0,0
B161,P045,T161,17-06-2023,4178.52,Insurance,Paid,2023,6,June,Q2,1,0,0
B162,P042,T162,01-01-2023,2212.8,Cash,Paid,2023,1,January,Q1,1,0,0
B163,P039,T163,27-06-2023,4450.88,Insurance,Pending,2023,6,June,Q2,0,1,0
B164,P014,T164,28-07-2023,4406.26,Credit Card,Failed,2023,7,July,Q3,0,0,1
B165,P031,T165,04-04-2023,4126.66,Cash,Failed,2023,4,April,Q2,0,0,1
B166,P005,T166,12-01-2023,4055.14,Cash,Failed,2023,1,January,Q1,0,0,1
B167,P035,T167,15-11-2023,1871.06,Credit Card,Pending,2023,11,November,Q4,0,1,0
B168,P023,T168,29-09-2023,864.14,Credit Card,Failed,2023,9,September,Q3,0,0,1
B169,P029,T169,24-07-2023,2313.41,Credit Card,Pending,2023,7,July,Q3,0,1,0
B170,P043,T170,03-03-2023,1280.86,Cash,Failed,2023,3,March,Q1,0,0,1
B171,P011,T171,18-04-2023,3627.28,Insurance,Failed,2023,4,April,Q2,0,0,1
B172,P018,T172,09-03-2023,2057.45,Cash,Paid,2023,3,March,Q1,1,0,0
B173,P047,T173,04-06-2023,4890.25,Insurance,Pending,2023,6,June,Q2,0,1,0
B174,P012,T174,31-10-2023,3384.37,Cash,Paid,2023,10,October,Q4,1,0,0
B175,P009,T175,22-10-2023,4201.16,Cash,Paid,2023,10,October,Q4,1,0,0
B176,P010,T176,26-04-2023,1096.36,Credit Card,Paid,2023,4,April,Q2,1,0,0
B177,P044,T177,16-08-2023,4379.07,Insurance,Pending,2023,8,August,Q3,0,1,0
B178,P017,T178,17-01-2023,4652.41,Cash,Pending,2023,1,January,Q1,0,1,0
B179,P038,T179,08-03-2023,2691.78,Cash,Failed,2023,3,March,Q1,0,0,1
B180,P007,T180,07-01-2023,3228.14,Credit Card,Paid,2023,1,January,Q1,1,0,0
B181,P046,T181,03-09-2023,3941.64,Credit Card,Failed,2023,9,September,Q3,0,0,1
B182,P013,T182,12-04-2023,1286.77,Insurance,Paid,2023,4,April,Q2,1,0,0
B183,P040,T183,03-02-2023,2761.55,Cash,Pending,2023,2,February,Q1,0,1,0
B184,P042,T184,26-02-2023,2293.98,Insurance,Pending,2023,2,February,Q1,0,1,0
B185,P009,T185,21-03-2023,1158.68,Cash,Pending,2023,3,March,Q1,0,1,0
B186,P050,T186,27-03-2023,2153.9,Insurance,Paid,2023,3,March,Q1,1,0,0
B187,P027,T187,13-02-2023,806.78,Credit Card,Pending,2023,2,February,Q1,0,1,0
B188,P002,T188,12-04-2023,616.15,Cash,Paid,2023,4,April,Q2,1,0,0
B189,P005,T189,05-10-2023,1108.25,Insurance,Failed,2023,10,October,Q4,0,0,1
B190,P029,T190,16-11-2023,4834.02,Credit Card,Paid,2023,11,November,Q4,1,0,0
B191,P037,T191,12-04-2023,2972.88,Credit Card,Failed,2023,4,April,Q2,0,0,1
B192,P038,T192,31-08-2023,4846.2,Insurance,Paid,2023,8,August,Q3,1,0,0
B193,P019,T193,15-09-2023,2446.24,Cash,Failed,2023,9,September,Q3,0,0,1
B194,P008,T194,06-04-2023,1903.17,Cash,Pending,2023,4,April,Q2,0,1,0
B195,P048,T195,19-08-2023,2777.64,Credit Card,Failed,2023,8,August,Q3,0,0,1
B196,P045,T196,26-10-2023,2477.8,Cash,Pending,2023,10,October,Q4,0,1,0
B197,P001,T197,01-04-2023,975.49,Cash,Pending,2023,4,April,Q2,0,1,0
B198,P022,T198,15-05-2023,3383.72,Cash,Failed,2023,5,May,Q2,0,0,1
B199,P017,T199,01-05-2023,1472.17,Credit Card,Paid,2023,5,May,Q2,1,0,0
B200,P007,T200,30-12-2023,3288.15,Insurance,Paid,2023,12,December,Q4,1,0,0
