doctor_id,first_name,last_name,specialization,phone_number,years_experience,hospital_branch,email,doctor_name,experience_level
D001,David,Taylor,Dermatology,8322010158,17,Westside Clinic,dr.david.taylor@hospital.com,Dr. David Taylor,Mid-Level (10-20 yrs)
D002,Jane,Davis,Pediatrics,9004382050,24,Eastside Clinic,dr.jane.davis@hospital.com,Dr. Jane Davis,Senior (20+ yrs)
D003,Jane,Smith,Pediatrics,8737740598,19,Eastside Clinic,dr.jane.smith@hospital.com,Dr. Jane Smith,Mid-Level (10-20 yrs)
D004,David,Jones,Pediatrics,6594221991,28,Central Hospital,dr.david.jones@hospital.com,Dr. David Jones,Senior (20+ yrs)
D005,Sarah,Taylor,Dermatology,9118538547,26,Central Hospital,dr.sarah.taylor@hospital.com,Dr. Sarah Taylor,Senior (20+ yrs)
D006,Alex,Davis,Pediatrics,6570137231,23,Central Hospital,dr.alex.davis@hospital.com,Dr. Alex Davis,Senior (20+ yrs)
D007,Robert,Davis,Oncology,8217493115,26,Westside Clinic,dr.robert.davis@hospital.com,Dr. Robert Davis,Senior (20+ yrs)
D008,Linda,Brown,Dermatology,9069162601,5,Westside Clinic,dr.linda.brown@hospital.com,Dr. Linda Brown,Junior (<10 yrs)
D009,Sarah,Smith,Pediatrics,7387087517,26,Central Hospital,dr.sarah.smith@hospital.com,Dr. Sarah Smith,Senior (20+ yrs)
D010,Linda,Wilson,Oncology,6176383634,21,Eastside Clinic,dr.linda.wilson@hospital.com,Dr. Linda Wilson,Senior (20+ yrs)
