patient_id,first_name,last_name,gender,date_of_birth,contact_number,address,registration_date,insurance_provider,insurance_number,email,full_name,age
P001,David,Williams,M,04-06-1955,6939585183,789 Pine Rd,23-06-2022,WellnessCorp,INS840674,david.williams@mail.com,David Williams,71
P002,Emily,Smith,F,12-10-1984,8228188767,321 Maple Dr,15-01-2022,PulseSecure,INS354079,emily.smith@mail.com,Emily Smith,41
P003,Laura,Jones,F,21-08-1977,8397029847,321 Maple Dr,07-02-2022,PulseSecure,INS650929,laura.jones@mail.com,Laura Jones,49
P004,Michael,Johnson,M,20-02-1981,9019443432,123 Elm St,02-03-2021,HealthIndia,INS789944,michael.johnson@mail.com,Michael Johnson,45
P005,David,Wilson,M,23-06-1960,7734463155,123 Elm St,29-09-2021,MedCare Plus,INS788105,david.wilson.p005@mail.com,David Wilson,66
P006,Linda,Jones,F,16-06-1963,7561777264,321 Maple Dr,02-10-2022,HealthIndia,INS613758,linda.jones@mail.com,Linda Jones,63
P007,Alex,Johnson,F,08-06-1989,6278710077,789 Pine Rd,25-12-2021,MedCare Plus,INS465890,alex.johnson@mail.com,Alex Johnson,37
P008,David,Davis,M,05-07-1976,7090558393,456 Oak Ave,25-05-2021,WellnessCorp,INS545101,david.davis@mail.com,David Davis,50
P009,Laura,Davis,F,11-12-1971,7060324619,321 Maple Dr,18-09-2022,PulseSecure,INS136631,laura.davis.p009@mail.com,Laura Davis,54
P010,Michael,Taylor,M,13-10-2001,7081396733,123 Elm St,24-08-2022,WellnessCorp,INS866577,michael.taylor.p010@mail.com,Michael Taylor,24
P011,Emily,Jones,F,04-12-1966,8990604070,789 Pine Rd,27-09-2022,MedCare Plus,INS172991,emily.jones@mail.com,Emily Jones,59
P012,Laura,Davis,F,08-12-1991,8135666049,321 Maple Dr,27-04-2023,MedCare Plus,INS104014,laura.davis.p012@mail.com,Laura Davis,34
P013,Laura,Johnson,F,28-03-1990,9059178882,321 Maple Dr,23-12-2021,WellnessCorp,INS373237,laura.johnson@mail.com,Laura Johnson,36
P014,Alex,Taylor,M,27-02-1968,7292262512,789 Pine Rd,12-12-2023,MedCare Plus,INS118070,alex.taylor@mail.com,Alex Taylor,58
P015,Sarah,Johnson,F,11-05-1964,6636028516,321 Maple Dr,25-09-2021,WellnessCorp,INS922209,sarah.johnson@mail.com,Sarah Johnson,62
P016,Michael,Taylor,M,22-07-2000,7223380592,789 Pine Rd,23-07-2021,PulseSecure,INS156958,michael.taylor.p016@mail.com,Michael Taylor,26
P017,Jane,Jones,F,01-05-1991,6158428240,456 Oak Ave,26-09-2022,WellnessCorp,INS182074,jane.jones@mail.com,Jane Jones,35
P018,Laura,Wilson,F,24-09-1979,7145815738,789 Pine Rd,23-09-2022,PulseSecure,INS635017,laura.wilson.p018@mail.com,Laura Wilson,46
P019,Sarah,Miller,F,24-05-1975,8618058864,789 Pine Rd,24-06-2023,WellnessCorp,INS855073,sarah.miller@mail.com,Sarah Miller,51
P020,Jane,Moore,F,06-06-2003,8158989953,789 Pine Rd,03-04-2022,MedCare Plus,INS276089,jane.moore.p020@mail.com,Jane Moore,23
P021,Michael,Wilson,M,01-03-2002,7765390555,321 Maple Dr,19-01-2022,WellnessCorp,INS297392,michael.wilson.p021@mail.com,Michael Wilson,24
P022,John,Brown,M,10-05-1955,6221099573,321 Maple Dr,11-05-2021,MedCare Plus,INS258823,john.brown@mail.com,John Brown,71
P023,Linda,Johnson,F,22-02-1994,6141951830,789 Pine Rd,27-12-2021,WellnessCorp,INS730152,linda.johnson@mail.com,Linda Johnson,32
P024,Sarah,Brown,F,04-11-1991,7196777444,321 Maple Dr,02-09-2021,WellnessCorp,INS493002,sarah.brown@mail.com,Sarah Brown,34
P025,Robert,Wilson,M,14-08-1966,7482069727,123 Elm St,09-09-2021,HealthIndia,INS833429,robert.wilson@mail.com,Robert Wilson,60
P026,John,Taylor,M,28-11-2003,9900972256,123 Elm St,13-05-2021,MedCare Plus,INS598863,john.taylor@mail.com,John Taylor,22
P027,Linda,Moore,F,29-06-1998,8724518272,321 Maple Dr,15-08-2021,HealthIndia,INS467654,linda.moore@mail.com,Linda Moore,28
P028,Alex,Moore,M,13-04-1993,7028910482,321 Maple Dr,20-05-2023,MedCare Plus,INS679036,alex.moore.p028@mail.com,Alex Moore,33
P029,David,Smith,M,15-05-2005,8923607677,789 Pine Rd,19-04-2023,HealthIndia,INS630089,david.smith.p029@mail.com,David Smith,21
P030,Emily,Moore,F,23-12-1964,6622318721,456 Oak Ave,07-08-2021,PulseSecure,INS250262,emily.moore@mail.com,Emily Moore,61
P031,Robert,Miller,M,14-01-1987,8280346676,321 Maple Dr,28-06-2022,WellnessCorp,INS542905,robert.miller@mail.com,Robert Miller,39
P032,Alex,Moore,M,08-01-1981,8102183595,123 Elm St,02-10-2021,MedCare Plus,INS335362,alex.moore.p032@mail.com,Alex Moore,45
P033,Michael,Wilson,M,06-02-1970,7923214041,789 Pine Rd,06-09-2023,MedCare Plus,INS544209,michael.wilson.p033@mail.com,Michael Wilson,56
P034,Alex,Smith,F,26-01-1950,8374657733,321 Maple Dr,18-06-2023,WellnessCorp,INS653880,alex.smith@mail.com,Alex Smith,76
P035,David,Wilson,M,13-04-1993,7039619487,123 Elm St,09-07-2023,MedCare Plus,INS897079,david.wilson.p035@mail.com,David Wilson,33
P036,Michael,Wilson,M,26-12-1997,8545613046,123 Elm St,04-10-2022,MedCare Plus,INS764076,michael.wilson.p036@mail.com,Michael Wilson,28
P037,Robert,Williams,M,05-02-1999,8886800195,456 Oak Ave,30-09-2021,HealthIndia,INS319963,robert.williams.p037@mail.com,Robert Williams,27
P038,David,Smith,M,25-06-1991,6347262390,789 Pine Rd,19-04-2021,MedCare Plus,INS580761,david.smith.p038@mail.com,David Smith,35
P039,Jane,Wilson,F,12-12-1950,9271131338,789 Pine Rd,09-03-2021,PulseSecure,INS348710,jane.wilson@mail.com,Jane Wilson,75
P040,Emily,Williams,F,30-05-1972,7587653815,456 Oak Ave,16-10-2021,PulseSecure,INS320984,emily.williams@mail.com,Emily Williams,54
P041,Robert,Williams,M,19-06-1951,7020645498,456 Oak Ave,16-07-2022,WellnessCorp,INS997059,robert.williams.p041@mail.com,Robert Williams,75
P042,Jane,Smith,F,22-08-1954,7040069008,789 Pine Rd,15-03-2022,MedCare Plus,INS956748,jane.smith@mail.com,Jane Smith,72
P043,Linda,Brown,F,25-03-1980,9127665406,789 Pine Rd,18-07-2022,WellnessCorp,INS882355,linda.brown@mail.com,Linda Brown,46
P044,Robert,Taylor,M,11-03-1976,9449458981,321 Maple Dr,26-01-2023,PulseSecure,INS364512,robert.taylor@mail.com,Robert Taylor,50
P045,Linda,Miller,F,25-04-1966,7579616535,321 Maple Dr,23-01-2021,MedCare Plus,INS701863,linda.miller@mail.com,Linda Miller,60
P046,Michael,Taylor,M,01-09-1986,8019925828,456 Oak Ave,31-07-2021,MedCare Plus,INS368799,michael.taylor.p046@mail.com,Michael Taylor,39
P047,Jane,Moore,F,13-12-1995,8715732851,321 Maple Dr,20-05-2022,WellnessCorp,INS337549,jane.moore.p047@mail.com,Jane Moore,30
P048,Emily,Miller,F,24-03-1983,8720989381,123 Elm St,19-06-2023,PulseSecure,INS694319,emily.miller@mail.com,Emily Miller,43
P049,David,Moore,M,26-11-1972,7712937941,321 Maple Dr,14-06-2023,MedCare Plus,INS584299,david.moore@mail.com,David Moore,53
P050,Laura,Wilson,F,27-12-1993,8301134730,321 Maple Dr,28-04-2023,WellnessCorp,INS712210,laura.wilson.p050@mail.com,Laura Wilson,32
